CREATE TABLE IF NOT EXISTS ntect391_lemuel.ano1(
	id INT(255) AUTO_INCREMENT PRIMARY KEY,	
	pergunta VARCHAR(255) NOT NULL,
	sim INT(255),
	nao INT(255),
	naoLembro INT(255)
);
CREATE TABLE IF NOT EXISTS ntect391_lemuel.ano2(
	id INT(255) AUTO_INCREMENT PRIMARY KEY,	
	pergunta VARCHAR(255) NOT NULL,
	sim INT(255),
	nao INT(255),
	naoLembro INT(255)
);
CREATE TABLE IF NOT EXISTS ntect391_lemuel.ano3(
	id INT(255) AUTO_INCREMENT PRIMARY KEY,	
	pergunta VARCHAR(255) NOT NULL,
	sim INT(255),
	nao INT(255),
	naoLembro INT(255)
);
INSERT INTO ntect391_lemuel.ano1(pergunta) VALUES ("Você conhece o nome científico de algum animal presente no território escolar?");
INSERT INTO ntect391_lemuel.ano1(pergunta) VALUES ("Você conhece alguma planta presente no território escolar?");
INSERT INTO ntect391_lemuel.ano1(pergunta) VALUES ("Saberia citar características de pelo menos um animal visto por você dentro do território escolar?");
INSERT INTO ntect391_lemuel.ano1(pergunta) VALUES ("Você sabe onde se localizam os fungos e columelos na escola?");
INSERT INTO ntect391_lemuel.ano1(pergunta) VALUES ("Você sabe o porquê dos pombos habitarem o território escolar?");


INSERT INTO ntect391_lemuel.ano2(pergunta) VALUES ("Você conhece o nome científico de algum animal presente no território escolar?");
INSERT INTO ntect391_lemuel.ano2(pergunta) VALUES ("Você conhece alguma planta presente no território escolar?");
INSERT INTO ntect391_lemuel.ano2(pergunta) VALUES ("Saberia citar características de pelo menos um animal visto por você dentro do território escolar?");
INSERT INTO ntect391_lemuel.ano2(pergunta) VALUES ("Você sabe onde se localizam os fungos e columelos na escola?");
INSERT INTO ntect391_lemuel.ano2(pergunta) VALUES ("Você sabe o porquê dos pombos habitarem o território escolar?");


INSERT INTO ntect391_lemuel.ano3(pergunta) VALUES ("Você conhece o nome científico de algum animal presente no território escolar?");
INSERT INTO ntect391_lemuel.ano3(pergunta) VALUES ("Você conhece alguma planta presente no território escolar?");
INSERT INTO ntect391_lemuel.ano3(pergunta) VALUES ("Saberia citar características de pelo menos um animal visto por você dentro do território escolar?");
INSERT INTO ntect391_lemuel.ano3(pergunta) VALUES ("Você sabe onde se localizam os fungos e columelos na escola?");
INSERT INTO ntect391_lemuel.ano3(pergunta) VALUES ("Você sabe o porquê dos pombos habitarem o território escolar?");

